ID,Type,SKU,Name,Published,Is featured?,Visibility in catalog,Short description,Description,Date sale price starts,Date sale price ends,Tax status,Tax class,In stock?,Stock,Backorders allowed?,Sold individually?,Weight (g),Length (cm),Width (cm),Height (cm),Allow customer reviews?,Purchase note,Sale price,Regular price,Categories,Tags,Shipping class,Images,Download limit,Download expiry days,Parent,Grouped products,Upsells,Cross-sells,External URL,Button text,Position
537,simple,,Tã Dán Moony Gói Đại M64 (64 Miếng),1,0,visible,,,,,taxable,,1,,0,0,,,,,1,,,359000,Tã/Bỉm,,,https://vcdn.tikicdn.com/cache/w1200/ts/product/fb/b8/5e/be7511ec2e39833f37b8032ad8e593b8.jpg,,,,,,,,,0
538,simple,,Tã Dán Moony Gói Đại L54 (54 Miếng),1,0,visible,,,,,taxable,,1,,0,0,,,,,1,,,359000,Tã/Bỉm,,,https://vcdn.tikicdn.com/cache/w1200/ts/product/7e/2e/21/6cf2488122a0f2f9747eab88bf1301b9.jpg,,,,,,,,,0
539,simple,,Tã Quần Moony Bé Trai Gói Đại XL (38 Miếng),1,0,visible,,,,,taxable,,1,,0,0,,,,,1,,,359000,Tã/Bỉm,,,https://vcdn.tikicdn.com/cache/w1200/ts/product/86/24/41/83a68d458f929cf0612b61526d9174da.jpg,,,,,,,,,0
540,simple,,Tã Quần Moony Bé Gái Gói Đại L(44 Miếng),1,0,visible,,,,,taxable,,1,,0,0,,,,,1,,,359000,Tã/Bỉm,,,https://vcdn.tikicdn.com/cache/w1200/ts/product/c3/4a/f0/c51b385b785cd92eab93e751b8192db4.jpg,,,,,,,,,0
541,simple,,Combo 3 Tã Quần Goo.n Friend Gói Cực Đại XL42 (42 Miếng),1,0,visible,,,,,taxable,,1,,0,0,,,,,1,,,579000,Tã/Bỉm,,,https://vcdn.tikicdn.com/cache/w1200/ts/product/99/01/ee/8366cccb0fd915b13740fbcff39a8333.jpg,,,,,,,,,0
542,simple,,Tã Quần Goo.n Friend Gói Cực Đại XXL34 (34 Miếng),1,0,visible,,,,,taxable,,1,,0,0,,,,,1,,,199000,Tã/Bỉm,,,https://vcdn.tikicdn.com/cache/w1200/ts/product/7d/62/b0/1e9c18264c8d5a328a624e566967b2f2.jpg,,,,,,,,,0
543,simple,,Tã Quần Goo.n Friend Gói Cực Đại XL42 (42 Miếng),1,0,visible,,,,,taxable,,1,,0,0,,,,,1,,,199000,Tã/Bỉm,,,https://vcdn.tikicdn.com/cache/w1200/ts/product/7a/62/91/4e42895d787770210d5f594ccfa05e38.jpg,,,,,,,,,0
544,simple,,Tã Quần Goo.n Friend Gói Cực Đại L48 (48 Miếng),1,0,visible,,,,,taxable,,1,,0,0,,,,,1,,,199000,Tã/Bỉm,,,https://vcdn.tikicdn.com/cache/w1200/ts/product/c0/c5/69/15aaaaf94fc0c2297587c86c5dc9695b.jpg,,,,,,,,,0
545,simple,,Combo 3 Gói Tã Quần Goo.n Slim Gói Cực Đại L48 (48 Miếng),1,0,visible,,,,,taxable,,1,,0,0,,,,,1,,,874000,Tã/Bỉm,,,https://vcdn.tikicdn.com/cache/w1200/ts/product/fa/18/f6/1b6af68c79733bbebb93e8f91ad0dc53.jpg,,,,,,,,,0
546,simple,,Tã Dán Bobby Siêu Mỏng Gói Cực Đại L68 (68 Miếng),1,0,visible,,,,,taxable,,1,,0,0,,,,,1,,,235000,Tã/Bỉm,,,https://vcdn.tikicdn.com/cache/w1200/media/catalog/product/b/o/bobby%20sm-l68.u503.d20160406.t095806.jpg,,,,,,,,,0
547,simple,,Combo 3 Gói Tã Quần Bobby Gói Cực Đại M60 (60 Miếng),1,0,visible,,,,,taxable,,1,,0,0,,,,,1,,,719000,Tã/Bỉm,,,https://vcdn.tikicdn.com/cache/w1200/media/catalog/product/b/o/bobby-tq-m60_1.u3059.d20170801.t170028.723474.jpg,,,,,,,,,0
548,simple,,Tã Dán Bobby Extra Soft Gói Đại L30 (30 Miếng),1,0,visible,,,,,taxable,,1,,0,0,,,,,1,,,159000,Tã/Bỉm,,,https://vcdn.tikicdn.com/cache/w1200/ts/product/1f/e8/d4/24b70c6c8e7f21d9ed629bd22a85c07c.jpg,,,,,,,,,0
549,simple,,Tã Quần Goodry PGDM42TS Gói Lớn M42 (42 Miếng),1,0,visible,,,,,taxable,,1,,0,0,,,,,1,,,175000,Tã/Bỉm,,,https://vcdn.tikicdn.com/cache/w1200/media/catalog/product/2/6/26_pgdm42ts.u2769.d20170517.t220112.725581.jpg,,,,,,,,,0
550,simple,,Miếng Lót Sơ Sinh Goodry 1 (56 Miếng),1,0,visible,,,,,taxable,,1,,0,0,,,,,1,,,58000,Tã/Bỉm,,,https://vcdn.tikicdn.com/cache/w1200/media/catalog/product/7/-/7-dgd156nm.u2409.d20170413.t091119.237487.jpg,,,,,,,,,0
551,simple,,Tã Dán Goodry DGDL38NM L38 (38 Miếng),1,0,visible,,,,,taxable,,1,,0,0,,,,,1,,,125000,Tã/Bỉm,,,https://vcdn.tikicdn.com/cache/w1200/media/catalog/product/1/4/14_dgdl38nm.u2769.d20170517.t213702.808613.jpg,,,,,,,,,0
552,simple,,Tã Quần Goodry Utrathin Siêu Mỏng PGUX18NM XL18 (18 Miếng),1,0,visible,,,,,taxable,,1,,0,0,,,,,1,,,126000,Tã/Bỉm,,,https://vcdn.tikicdn.com/cache/w1200/media/catalog/product/3/2/32_pgux18nm.u2769.d20170517.t221009.211134.jpg,,,,,,,,,0
553,simple,,Tã Dán Goodry Size S32 (32 Miếng),1,0,visible,,,,,taxable,,1,,0,0,,,,,1,,,84000,Tã/Bỉm,,,https://vcdn.tikicdn.com/cache/w1200/media/catalog/product/2/1/21-dgds32nm.u2409.d20170413.t100304.944059.jpg,,,,,,,,,0
554,simple,,Tã Vải Dorabe Bo Thời Trang MBKHIHONG Size M (3-16kg) - Khỉ Hồng,1,0,visible,,,,,taxable,,1,,0,0,,,,,1,,,112000,Tã/Bỉm,,,https://vcdn.tikicdn.com/cache/w1200/media/catalog/product/m/b/mbkhihong.u2566.d20170404.t153918.702119.jpg,,,,,,,,,0
555,simple,,Tã Vải Dorabe Ban Ngày Size M - Gà Mơ,1,0,visible,,,,,taxable,,1,,0,0,,,,,1,,,130000,Tã/Bỉm,,,https://vcdn.tikicdn.com/cache/w1200/media/catalog/product/1/_/1.u5697.d20170921.t151749.364514.jpg,,,,,,,,,0
556,simple,,Tã Vải Dorabe Ban Ngày Size M - Gà Ô,1,0,visible,,,,,taxable,,1,,0,0,,,,,1,,,130000,Tã/Bỉm,,,https://vcdn.tikicdn.com/cache/w1200/media/catalog/product/1/_/1.u5697.d20170921.t151939.399606.jpg,,,,,,,,,0
557,simple,,Tã Vải Dorabe Ban Đêm LDJEAN Size L (12-24kg) - Jean,1,0,visible,,,,,taxable,,1,,0,0,,,,,1,,,120000,Tã/Bỉm,,,https://vcdn.tikicdn.com/cache/w1200/media/catalog/product/l/d/ldjean.u2566.d20170404.t151031.295716.jpg,,,,,,,,,0
558,simple,,Tã Vải Dorabe Ban Ngày MNJEAN Size M (3-16kg) - Jean,1,0,visible,,,,,taxable,,1,,0,0,,,,,1,,,130000,Tã/Bỉm,,,https://vcdn.tikicdn.com/cache/w1200/media/catalog/product/m/n/mnjean.u2566.d20170404.t175337.918473.jpg,,,,,,,,,0
559,simple,,Combo 3 Gói Tã Quần Huggies Dry Gói Cực Đại M74 (74 Miếng) - Bao Bì Mới,1,0,visible,,,,,taxable,,1,,0,0,,,,,1,,,836000,Tã/Bỉm,,,https://vcdn.tikicdn.com/cache/w1200/ts/product/75/70/b8/c157159e88e563a290fc535d4beba6bf.jpg,,,,,,,,,0
560,simple,,Tã Quần Huggies Dry Gói Cực Đại L68 (68 Miếng) - Bao Bì Mới,1,0,visible,,,,,taxable,,1,,0,0,,,,,1,,,279000,Tã/Bỉm,,,https://vcdn.tikicdn.com/cache/w1200/ts/product/22/fd/9e/37f0e2c2556d4ec5788756bb0e412395.jpg,,,,,,,,,0
561,simple,,Combo 3 Gói Tã Dán Huggies Dry Gói Cực Đại M76 (76 Miếng) - Bao Bì Mới,1,0,visible,,,,,taxable,,1,,0,0,,,,,1,,,729000,Tã/Bỉm,,,https://vcdn.tikicdn.com/cache/w1200/ts/product/9f/ce/f6/4d28bc0c0540fb97667084d0a49e654e.jpg,,,,,,,,,0
562,simple,,Miếng Lót Sơ Sinh Huggies Dry Newborn 1 - 100 (100 Miếng) - Tặng Kèm 12 Miếng,1,0,visible,,,,,taxable,,1,,0,0,,,,,1,,,119000,Tã/Bỉm,,,https://vcdn.tikicdn.com/cache/w1200/ts/product/57/c8/7c/49a58f742115789ff7e9b46534dd24b2.jpg,,,,,,,,,0
563,simple,,Tã Quần Goo.n Slim Gói Đại XL22 (22 Miếng),1,0,visible,,,,,taxable,,1,,0,0,,,,,1,,,169000,Tã/Bỉm,,,https://vcdn.tikicdn.com/cache/w1200/ts/product/4a/70/c1/49202ded03575488ae2e4ccd458118e7.jpg,,,,,,,,,0
564,simple,,Combo 4 Tã Quần UniDry Gói Cực Đại XL48 (48 Miếng),1,0,visible,,,,,taxable,,1,,0,0,,,,,1,,,795000,Tã/Bỉm,,,https://vcdn.tikicdn.com/cache/w1200/ts/product/de/ea/f9/61cb7d0a96c6ef7856d12746b458530e.jpg,,,,,,,,,0
565,simple,,Combo 4 Tã Dán UniDry Super Gói Đại M42 (42 Miếng),1,0,visible,,,,,taxable,,1,,0,0,,,,,1,,,469000,Tã/Bỉm,,,https://vcdn.tikicdn.com/cache/w1200/media/catalog/product/c/b/cb4_unidry%20m42_0.u2442.d20160803.t103634.818095.jpg,,,,,,,,,0
566,simple,,Tã Dán Sơ Sinh UniDry NB36 (36 Miếng),1,0,visible,,,,,taxable,,1,,0,0,,,,,1,,,79000,Tã/Bỉm,,,https://vcdn.tikicdn.com/cache/w1200/ts/product/a9/66/f4/52c806600f088178e2a32a1be7795d4b.jpg,,,,,,,,,0
567,simple,,Tã Quần UniDry Gói Cực Đại L54 (54 Miếng),1,0,visible,,,,,taxable,,1,,0,0,,,,,1,,,218000,Tã/Bỉm,,,https://vcdn.tikicdn.com/cache/w1200/ts/product/e1/ae/62/90ca658951624d63500f8366c857b2ff.jpg,,,,,,,,,0
568,simple,,Miếng Lót Sơ Sinh Bobby Fresh Newborn 1 - 88 (88 Miếng),1,0,visible,,,,,taxable,,1,,0,0,,,,,1,,,98000,Tã/Bỉm,,,https://vcdn.tikicdn.com/cache/w1200/ts/product/bf/ec/ec/3baed2bd31ca0c224e3750fc47769f9b.jpg,,,,,,,,,0
569,simple,,Sữa Bột Meiji Infant Formula (800g),1,0,visible,,,,,taxable,,1,,0,0,,,,,1,,,490000,Dinh dưỡng cho bé,,,https://vcdn.tikicdn.com/cache/w1200/media/catalog/product/1/_/1.u4939.d20171024.t101421.941627.jpg,,,,,,,,,0
570,simple,,Sữa Bột Meiji Growing Up Formula (800g),1,0,visible,,,,,taxable,,1,,0,0,,,,,1,,,439000,Dinh dưỡng cho bé,,,https://vcdn.tikicdn.com/cache/w1200/media/catalog/product/1/_/1.u4939.d20171024.t104512.15481.jpg,,,,,,,,,0
571,simple,,Sữa Meiji Ezcube Infant Formula Dạng Viên (432g),1,0,visible,,,,,taxable,,1,,0,0,,,,,1,,,338000,Dinh dưỡng cho bé,,,https://vcdn.tikicdn.com/cache/w1200/media/catalog/product/0/_/0.u4939.d20171024.t100035.133667.jpg,,,,,,,,,0
572,simple,,Bột Dinh Dưỡng Sữa Chúc Ngủ Ngon Yến Mạch Táo Tây HiPP 250g - 3331,1,0,visible,,,,,taxable,,1,,0,0,,,,,1,,,115000,Dinh dưỡng cho bé,,,https://vcdn.tikicdn.com/cache/w1200/ts/product/54/7b/63/8ca03731884c09daa747b22bf7749357.jpg,,,,,,,,,0
573,simple,,Bột Dinh Dưỡng Sữa Kiều Mạch HiPP 250g - 2917,1,0,visible,,,,,taxable,,1,,0,0,,,,,1,,,115000,Dinh dưỡng cho bé,,,https://vcdn.tikicdn.com/cache/w1200/ts/product/08/6a/37/d719b6da52c1d0ae1132b08c11cb1bd1.jpg,,,,,,,,,0
574,simple,,Bột Dinh Dưỡng Sữa Đào Mơ HiPP 2983 (250g),1,0,visible,,,,,taxable,,1,,0,0,,,,,1,,,115000,Dinh dưỡng cho bé,,,https://vcdn.tikicdn.com/cache/w1200/ts/product/36/cc/b1/7f608837e9a2558c57c3494204be968e.jpg,,,,,,,,,0
575,simple,,Sữa Công Thức HiPP 1 Combiotic Organic (350g),1,0,visible,,,,,taxable,,1,,0,0,,,,,1,,,249000,Dinh dưỡng cho bé,,,https://vcdn.tikicdn.com/cache/w1200/ts/product/c9/aa/d7/7a09be57db0980a471841a0cd7682cfa.jpg,,,,,,,,,0
576,simple,,"Trà Cốm Hòa Tan Hoa Quả, Hoa Dâm Bụt Với Isomaltulose HiPP 3667 (200g)",1,0,visible,,,,,taxable,,1,,0,0,,,,,1,,,166000,Dinh dưỡng cho bé,,,https://vcdn.tikicdn.com/cache/w1200/ts/product/42/2e/9a/dcad240d268251411efb0fd454652783.jpg,,,,,,,,,0
577,simple,,"Trà Cốm Hòa Tan Hoa Quả, Bạc Hà Mellisen Với Isomaltulose HiPP 3668 (200g)",1,0,visible,,,,,taxable,,1,,0,0,,,,,1,,,166000,Dinh dưỡng cho bé,,,https://vcdn.tikicdn.com/cache/w1200/ts/product/96/59/2b/f1fbda4de8a1911367353abc09350834.jpg,,,,,,,,,0
578,simple,,Hũ Dinh Dưỡng Súp Thịt Bê Rau Tổng Hợp HiPP 7983 (190g),1,0,visible,,,,,taxable,,1,,0,0,,,,,1,,,47000,Dinh dưỡng cho bé,,,https://vcdn.tikicdn.com/cache/w1200/ts/product/82/0d/1c/e344d13745fadf5993bba98a4b2b89c3.jpg,,,,,,,,,0
579,simple,,Sữa Bột Nestle NAN Optipro 4 (900g),1,0,visible,,,,,taxable,,1,,0,0,,,,,1,,,349000,Dinh dưỡng cho bé,,,https://vcdn.tikicdn.com/cache/w1200/ts/product/10/15/6c/afbe6bc70f01fcd8f0c0d27263dadb5e.jpg,,,,,,,,,0
580,simple,,Sữa Bột Nestle NAN Optipro 2 (800g),1,0,visible,,,,,taxable,,1,,0,0,,,,,1,,,396000,Dinh dưỡng cho bé,,,https://vcdn.tikicdn.com/cache/w1200/ts/product/c0/c1/f3/8039e7f7ff9f40d307ba87a6a135af9d.jpg,,,,,,,,,0
581,simple,,Sữa Bột Nestle NAN Optipro 3 (900g),1,0,visible,,,,,taxable,,1,,0,0,,,,,1,,,399000,Dinh dưỡng cho bé,,,https://vcdn.tikicdn.com/cache/w1200/ts/product/f9/4c/f7/c3c015356459ba760daf73d9dce2517a.jpg,,,,,,,,,0
582,simple,,Sữa Bột Nestle NAN Optipro HA 2 (800g),1,0,visible,,,,,taxable,,1,,0,0,,,,,1,,,527000,Dinh dưỡng cho bé,,,https://vcdn.tikicdn.com/cache/w1200/ts/product/62/ea/6c/26b20c4f1d25a28304c28a3159893dd7.jpg,,,,,,,,,0
583,simple,,Sữa Bột Nestle NAN Optipro HA 1 (400g),1,0,visible,,,,,taxable,,1,,0,0,,,,,1,,,277000,Dinh dưỡng cho bé,,,https://vcdn.tikicdn.com/cache/w1200/ts/product/ea/67/29/b883ffeb5548921dbf144ef9e09ab836.jpg,,,,,,,,,0
584,simple,,Sữa Enfagrow A + 4 360° Brain DHA+ MFGM PRO Hương Vanilla (900g),1,0,visible,,,,,taxable,,1,,0,0,,,,,1,,,459000,Dinh dưỡng cho bé,,,https://vcdn.tikicdn.com/cache/w1200/media/catalog/product/1/_/1.u5429.d20170724.t110804.75242.jpg,,,,,,,,,0
585,simple,,Sữa Bột Mead Johnson Enfamama A+ Chocolate MAC906F (900g),1,0,visible,,,,,taxable,,1,,0,0,,,,,1,,,469000,Dinh dưỡng cho bé,,,https://vcdn.tikicdn.com/cache/w1200/ts/product/14/dd/23/7813c5d8c5086752883c4d66f66fac68.jpg,,,,,,,,,0
586,simple,,Lốc 3 Hộp Sữa Enfamil A+4 360 Brain Plus Vanilla (180ml/Hộp),1,0,visible,,,,,taxable,,1,,0,0,,,,,1,,,54000,Dinh dưỡng cho bé,,,https://vcdn.tikicdn.com/cache/w1200/ts/product/a2/d2/cf/56b41e6020736591f9e76dadd68848bc.jpg,,,,,,,,,0
587,simple,,Sữa Enfagrow A + 3 360° Brain DHA+ MFGM PRO Hương Vanilla (400g),1,0,visible,,,,,taxable,,1,,0,0,,,,,1,,,249000,Dinh dưỡng cho bé,,,https://vcdn.tikicdn.com/cache/w1200/media/catalog/product/1/_/1.u5429.d20170724.t105653.981310.jpg,,,,,,,,,0
588,simple,,Sữa Bột Aptamil Số 1 (900g),1,0,visible,,,,,taxable,,1,,0,0,,,,,1,,,505000,Dinh dưỡng cho bé,,,https://vcdn.tikicdn.com/cache/w1200/ts/product/42/8b/a7/52dae142f3d224cb3a430fd9e89d2223.jpg,,,,,,,,,0
589,simple,,Sữa Bột Aptamil Số 2 (900g),1,0,visible,,,,,taxable,,1,,0,0,,,,,1,,,555000,Dinh dưỡng cho bé,,,https://vcdn.tikicdn.com/cache/w1200/ts/product/88/4d/b5/9ff08f422d6b03a05c40375931db9078.jpg,,,,,,,,,0
590,simple,,Sữa Bột Aptamil Số 3 (900g),1,0,visible,,,,,taxable,,1,,0,0,,,,,1,,,520000,Dinh dưỡng cho bé,,,https://vcdn.tikicdn.com/cache/w1200/ts/product/34/bd/88/c3fd4b923bf15f4a199df6cce2f09c7f.jpg,,,,,,,,,0
591,simple,,Sữa Morinaga Số 2 - Chilmil (850g),1,0,visible,,,,,taxable,,1,,0,0,,,,,1,,,450000,Dinh dưỡng cho bé,,,https://vcdn.tikicdn.com/cache/w1200/ts/product/67/9a/70/7ec8a2bae19b727ee47021c13db2f1f3.jpg,,,,,,,,,0
592,simple,,Sữa Bột Abbott Similac Eye-Q2 (400g),1,0,visible,,,,,taxable,,1,,0,0,,,,,1,,,250000,Dinh dưỡng cho bé,,,https://vcdn.tikicdn.com/cache/w1200/ts/product/92/d5/4f/4dbec1a0e6826196adcc5f49fcd63f5b.jpg,,,,,,,,,0
593,simple,,Sữa Bột Abbott Similac Eye-Q4 (1.7kg),1,0,visible,,,,,taxable,,1,,0,0,,,,,1,,,661000,Dinh dưỡng cho bé,,,https://vcdn.tikicdn.com/cache/w1200/ts/product/73/aa/6b/2f1fa3207c1ee8268f5f6633e79d098d.jpg,,,,,,,,,0
594,simple,,Sữa Bột Abbott Similac IQ4 (900g),1,0,visible,,,,,taxable,,1,,0,0,,,,,1,,,419000,Dinh dưỡng cho bé,,,https://vcdn.tikicdn.com/cache/w1200/ts/product/b9/76/11/40861b3f9d3bc1bfbc93d2287e41465a.jpg,,,,,,,,,0
595,simple,,Lốc 4 Hộp Sữa Công Thức Pha Sẵn Abbott Similac Eye-Q4 (180ml / Hộp),1,0,visible,,,,,taxable,,1,,0,0,,,,,1,,,68000,Dinh dưỡng cho bé,,,https://vcdn.tikicdn.com/cache/w1200/ts/product/4e/7f/38/34babf11086ede094f65040c6ed967b4.jpg,,,,,,,,,0
596,simple,,Sữa Bột Abbott Similac Eye-Q3 (900g),1,0,visible,,,,,taxable,,1,,0,0,,,,,1,,,442000,Dinh dưỡng cho bé,,,https://vcdn.tikicdn.com/cache/w1200/ts/product/91/05/27/9466a159e40b7a88c65112fc0998de4b.jpg,,,,,,,,,0
597,simple,,Sản Phẩm Dinh Dưỡng Nestle Nutren Junior (800g),1,0,visible,,,,,taxable,,1,,0,0,,,,,1,,,530000,Dinh dưỡng cho bé,,,https://vcdn.tikicdn.com/cache/w1200/ts/product/1c/05/00/a66be6a0e5df00ffa8e7c719a5443a3e.jpg,,,,,,,,,0
598,simple,,Sản Phẩm Dinh Dưỡng Nestle Nutren Junior (400g),1,0,visible,,,,,taxable,,1,,0,0,,,,,1,,,310000,Dinh dưỡng cho bé,,,https://vcdn.tikicdn.com/cache/w1200/ts/product/97/3f/80/0f705899d611be10de4e252cc2aa5127.jpg,,,,,,,,,0
599,simple,,Bánh Ăn Dặm Nestlé CERELAC Nutripuffs Vị Chuối Dâu - Gói 50g,1,0,visible,,,,,taxable,,1,,0,0,,,,,1,,,45000,Dinh dưỡng cho bé,,,https://vcdn.tikicdn.com/cache/w1200/ts/product/81/64/32/dfaaf044046e2b3daa44e14f75beee01.jpg,,,,,,,,,0
600,simple,,Bột Ăn Dặm Nestlé Cerelac - Gạo Sữa Dinh Dưỡng (200g),1,0,visible,,,,,taxable,,1,,0,0,,,,,1,,,53000,Dinh dưỡng cho bé,,,https://vcdn.tikicdn.com/cache/w1200/ts/product/4f/86/b7/c97251ccec31ee890e5a0fe11efca298.jpg,,,,,,,,,0
601,simple,,Bánh Ăn Dặm Nestlé CERELAC Nutripuffs Vị Chuối Cam - Gói 50g,1,0,visible,,,,,taxable,,1,,0,0,,,,,1,,,40000,Dinh dưỡng cho bé,,,https://vcdn.tikicdn.com/cache/w1200/ts/product/5e/2b/da/326b7f40f5808dd96e48bdb3c9c34acb.jpg,,,,,,,,,0
602,simple,,Bột Ăn Dặm Nestle Cerelac - Gà Hầm Cà Rốt (200g),1,0,visible,,,,,taxable,,1,,0,0,,,,,1,,,65000,Dinh dưỡng cho bé,,,https://vcdn.tikicdn.com/cache/w1200/ts/product/8b/8c/68/b5f703a583e96d238e17717029ab515c.jpg,,,,,,,,,0
603,simple,,Bột Ăn Dặm Nestle Cerelac - Rau Xanh Và Bí Đỏ (200g),1,0,visible,,,,,taxable,,1,,0,0,,,,,1,,,58000,Dinh dưỡng cho bé,,,https://vcdn.tikicdn.com/cache/w1200/ts/product/e5/26/3f/b56e95d2a48879d02fa077deaeaf0fde.jpg,,,,,,,,,0
604,simple,,Sữa Bột Wakodo Lebens Kids 850g,1,0,visible,,,,,taxable,,1,,0,0,,,,,1,,,436000,Dinh dưỡng cho bé,,,https://vcdn.tikicdn.com/cache/w1200/media/catalog/product/4/9/4987244181459_1.u2442.d20170223.t115100.850285.jpg,,,,,,,,,0
605,simple,,Bánh Quy Phô Mai Que Wakodo AO13 (50g),1,0,visible,,,,,taxable,,1,,0,0,,,,,1,,,69000,Dinh dưỡng cho bé,,,https://vcdn.tikicdn.com/cache/w1200/ts/product/b6/20/cd/47a6f2e080e0bd033cc8978ea29fbec5.jpg,,,,,,,,,0
606,simple,,Sữa Wakodo Lebens 2 - LXU12 (850g),1,0,visible,,,,,taxable,,1,,0,0,,,,,1,,,479000,Dinh dưỡng cho bé,,,https://vcdn.tikicdn.com/cache/550x550/ts/product/cf/5b/01/5ad73971f50f9c58ce219492bcb057e1.jpg,,,,,,,,,0
607,simple,,Bánh Quy Hình Que Chứa Sắt Wakodo A07 (34.4g),1,0,visible,,,,,taxable,,1,,0,0,,,,,1,,,69000,Dinh dưỡng cho bé,,,https://vcdn.tikicdn.com/cache/w1200/ts/product/bf/e8/72/9e8ba370c649dd251b33720b903139a4.jpg,,,,,,,,,0
608,simple,,Bánh Quy Hình Thú Wakodo AO12 (34.5g),1,0,visible,,,,,taxable,,1,,0,0,,,,,1,,,69000,Dinh dưỡng cho bé,,,https://vcdn.tikicdn.com/cache/w1200/ts/product/1a/26/32/4e0e683df0f27e7003e24206a867f6c4.jpg,,,,,,,,,0
609,simple,,Bánh Ăn Dặm Gerber Vị Dâu Táo (42g),1,0,visible,,,,,taxable,,1,,0,0,,,,,1,,,68000,Dinh dưỡng cho bé,,,https://vcdn.tikicdn.com/cache/w1200/ts/product/9d/7a/97/9413be1da60188960c7b763af63794e1.jpg,,,,,,,,,0
610,simple,,Bánh Ăn Dặm Gerber Vị Việt Quất (42g),1,0,visible,,,,,taxable,,1,,0,0,,,,,1,,,68000,Dinh dưỡng cho bé,,,https://vcdn.tikicdn.com/cache/w1200/ts/product/e4/fb/d7/cb0ec5fc7a2377a253c92ef8e16007a4.jpg,,,,,,,,,0
611,simple,,Bánh Ăn Dặm Gerber Vị Chuối (42g),1,0,visible,,,,,taxable,,1,,0,0,,,,,1,,,68000,Dinh dưỡng cho bé,,,https://vcdn.tikicdn.com/cache/w1200/ts/product/32/32/10/16b1cc7bd6e3343d1834bb2641ada669.jpg,,,,,,,,,0
612,simple,,Sữa Bột Abbott Grow School G-Power Vanilla GSGM Dành Cho Trẻ Từ 6 Tuổi Trở Lên (900g),1,0,visible,,,,,taxable,,1,,0,0,,,,,1,,,373000,Dinh dưỡng cho bé,,,https://vcdn.tikicdn.com/cache/w1200/ts/product/07/f9/23/4d0af96a9cd2538120978ae76e7300cf.jpg,,,,,,,,,0
613,simple,,Lốc 4 Hộp Sữa Công Thức Pha Sẵn Abbott Grow Gold Hương Vani (180ml),1,0,visible,,,,,taxable,,1,,0,0,,,,,1,,,58000,Dinh dưỡng cho bé,,,https://vcdn.tikicdn.com/cache/w1200/media/catalog/product/5/0/5099864008654_2-u2442-d20160718-t095110.u3075.d20170223.t115305.541904.jpg,,,,,,,,,0
614,simple,,Sữa Bột Abbott Grow G-Power Vanilla GGL Dành Cho Trẻ Từ 3 - 6 Tuổi (1700g),1,0,visible,,,,,taxable,,1,,0,0,,,,,1,,,623000,Dinh dưỡng cho bé,,,https://vcdn.tikicdn.com/cache/w1200/ts/product/6f/b9/d7/977fc1e766c309ecb4ad1aa40773095c.jpg,,,,,,,,,0
615,simple,,Túi Nhai Chống Hóc Plus Kidsme 160361LI (Size XL) – Xanh Lá,1,0,visible,,,,,taxable,,1,,0,0,,,,,1,,,308000,Đồ dùng cho bé,,,https://vcdn.tikicdn.com/cache/w1200/media/catalog/product/1/6/160361%20-2.u2442.d20160422.t173824.jpg,,,,,,,,,0
616,simple,,Bộ Lược Cho Bé Kidsme 130078 – Vàng,1,0,visible,,,,,taxable,,1,,0,0,,,,,1,,,139000,Đồ dùng cho bé,,,https://vcdn.tikicdn.com/cache/w1200/media/catalog/product/b/o/bo-luoc-lam-dep-cho-be-kidsme%20(1).u2442.d20160424.t014004.jpg,,,,,,,,,0
617,simple,,Kéo Cắt Thức Ăn Kidsme,1,0,visible,,,,,taxable,,1,,0,0,,,,,1,,,214000,Đồ dùng cho bé,,,https://vcdn.tikicdn.com/cache/w1200/media/catalog/product/m/_/m_u_t_m-1_3.jpg,,,,,,,,,0
618,simple,,Hộp Chia Sữa 3 Ngăn Kidsme 160150,1,0,visible,,,,,taxable,,1,,0,0,,,,,1,,,158000,Đồ dùng cho bé,,,https://vcdn.tikicdn.com/cache/w1200/media/catalog/product/1/6/160150-2.jpg,,,,,,,,,0
619,simple,,Bình Bóp Thức Ăn Chống Hóc Kidsme 160378LI - Cam Xanh,1,0,visible,,,,,taxable,,1,,0,0,,,,,1,,,373000,Đồ dùng cho bé,,,https://vcdn.tikicdn.com/cache/w1200/media/catalog/product/1/6/160378li.u2442.d20160510.t102104.jpg,,,,,,,,,0
620,simple,,Dung Dịch Giặt Quần Áo Cho Bé D-Nee - Chai 3000ml (Xanh),1,0,visible,,,,,taxable,,1,,0,0,,,,,1,,,165000,Đồ dùng cho bé,,,https://vcdn.tikicdn.com/cache/w1200/ts/product/37/0b/bc/bae97558783dae8f73219112f4256abc.jpg,,,,,,,,,0
621,simple,,Dung Dịch Giặt Quần Áo Cho Bé D-Nee - Chai 3000ml (Tím),1,0,visible,,,,,taxable,,1,,0,0,,,,,1,,,165000,Đồ dùng cho bé,,,https://vcdn.tikicdn.com/cache/w1200/ts/product/a1/89/70/5e818a2a8a3e3696073f46df6a449bbe.jpg,,,,,,,,,0
622,simple,,Nước Rửa Bình Sữa D-nee - Chai 500ml,1,0,visible,,,,,taxable,,1,,0,0,,,,,1,,,72000,Đồ dùng cho bé,,,https://vcdn.tikicdn.com/cache/w1200/media/catalog/product/8/8/8851989060248_1.u2442.d20160912.t114818.95968.jpg,,,,,,,,,0
623,simple,,Dung Dịch Tắm Gội Toàn Thân Cho Bé Dưới 3 Tuổi D-nee - Chai 200ml (Xanh Lá),1,0,visible,,,,,taxable,,1,,0,0,,,,,1,,,48000,Đồ dùng cho bé,,,https://vcdn.tikicdn.com/cache/w1200/media/catalog/product/8/8/8851989060378_1.u2442.d20160912.t135128.762214_1.jpg,,,,,,,,,0
624,simple,,Núm Ty Farlin Vô Trùng Dùng Cho Bình Cổ Rộng P-3L (L),1,0,visible,,,,,taxable,,1,,0,0,,,,,1,,,104000,Đồ dùng cho bé,,,https://vcdn.tikicdn.com/cache/w1200/media/catalog/product/p/-/p-3.jpg,,,,,,,,,0
625,simple,,Bộ Kéo Cắt Tóc An Toàn Farlin - BF-153,1,0,visible,,,,,taxable,,1,,0,0,,,,,1,,,428000,Đồ dùng cho bé,,,https://vcdn.tikicdn.com/cache/w1200/media/catalog/product/b/f/bf-153.jpg,,,,,,,,,0
626,simple,,Mũ Chắn Nước Khi Gội Đầu Cho Bé Farlin - BF-304 (Giao Màu Ngẫu Nhiên),1,0,visible,,,,,taxable,,1,,0,0,,,,,1,,,86000,Đồ dùng cho bé,,,https://vcdn.tikicdn.com/cache/w1200/ts/product/5a/e3/b6/5b3f05401bf6458689ce7369f7ad4cc7.jpg,,,,,,,,,0
627,simple,,Thìa Cảm Ứng Nhiệt Silicone Upass UP3021N (Xanh),1,0,visible,,,,,taxable,,1,,0,0,,,,,1,,,43000,Đồ dùng cho bé,,,https://vcdn.tikicdn.com/cache/w1200/ts/product/e9/2d/e8/099ce0b3f5cfa11bfa301a8be0245410.jpg,,,,,,,,,0
628,simple,,Thìa Ăn Dặm Silicone Upass UP3017N (Xanh Lá),1,0,visible,,,,,taxable,,1,,0,0,,,,,1,,,36000,Đồ dùng cho bé,,,https://vcdn.tikicdn.com/cache/w1200/ts/product/9d/0d/8e/f9801eceda8e7801bbcdf41a82cfc3b5.jpg,,,,,,,,,0
629,simple,,Bình Uống Nước Có Ống Hút Upass UP0090N (Xanh),1,0,visible,,,,,taxable,,1,,0,0,,,,,1,,,72000,Đồ dùng cho bé,,,https://vcdn.tikicdn.com/cache/w1200/ts/product/f4/35/e7/897d5122ffc9c304d108e686baed956f.jpg,,,,,,,,,0
630,simple,,Bộ Dụng Cụ Chăm Sóc Móng Tay Cho Bé Upass UP4007N - Xanh,1,0,visible,,,,,taxable,,1,,0,0,,,,,1,,,49000,Đồ dùng cho bé,,,https://vcdn.tikicdn.com/cache/w1200/ts/product/d7/70/3c/af0447ed151ce2907f3ddada3cc69739.jpg,,,,,,,,,0
631,simple,,Hút Mũi Dây Cao Cấp Cho Bé Upass UP1008CX - Xanh,1,0,visible,,,,,taxable,,1,,0,0,,,,,1,,,76000,Đồ dùng cho bé,,,https://vcdn.tikicdn.com/cache/w1200/media/catalog/product/1/0/1008cb-4.u2442.d20160510.t141938.jpg,,,,,,,,,0
632,simple,,Ty Ngậm Ban Đêm Philips Avent (Phát Sáng Về Đêm) - 176.22,1,0,visible,,,,,taxable,,1,,0,0,,,,,1,,,221000,Đồ dùng cho bé,,,https://vcdn.tikicdn.com/cache/w1200/media/catalog/product/s/c/scf176.22.jpg,,,,,,,,,0
633,simple,,Bình Sữa PP Philips Avent SCF560/17 - 125ml,1,0,visible,,,,,taxable,,1,,0,0,,,,,1,,,194000,Đồ dùng cho bé,,,https://vcdn.tikicdn.com/cache/w1200/media/catalog/product/s/c/scf680-17_2.jpg,,,,,,,,,0
634,simple,,Bình Tập Uống Trực Tiếp Philips Avent 784.00,1,0,visible,,,,,taxable,,1,,0,0,,,,,1,,,311000,Đồ dùng cho bé,,,https://vcdn.tikicdn.com/cache/w1200/media/catalog/product/s/c/scf784.00.jpeg,,,,,,,,,0
635,simple,,Máy Hút Sữa Bằng Điện Đôi Philips Avent SCF303/01 - Trắng,1,0,visible,,,,,taxable,,1,,0,0,,,,,1,,,6590000,Đồ dùng cho bé,,,https://vcdn.tikicdn.com/cache/w1200/ts/product/e6/60/ff/3872a1136d9b1ff3bfbfcd73511796e2.jpg,,,,,,,,,0
636,simple,,Bình Sữa Nhựa PES Cổ Rộng Kuku KU5853A (300ml) - Hồng,1,0,visible,,,,,taxable,,1,,0,0,,,,,1,,,186000,Đồ dùng cho bé,,,https://vcdn.tikicdn.com/cache/w1200/media/catalog/product/k/u/ku5853-p.u2442.d20160719.t163634.jpg,,,,,,,,,0
637,simple,,Set 2 Cây Ráy Tai Cho Bé Kuku KU3020,1,0,visible,,,,,taxable,,1,,0,0,,,,,1,,,49000,Đồ dùng cho bé,,,https://vcdn.tikicdn.com/cache/w1200/media/catalog/product/k/u/kuku1.u2442.d20161109.t120939.955033.jpg,,,,,,,,,0
638,simple,,Bộ 36 Miếng Lót Thấm Sữa Kuku KU5460,1,0,visible,,,,,taxable,,1,,0,0,,,,,1,,,109000,Đồ dùng cho bé,,,https://vcdn.tikicdn.com/cache/w1200/media/catalog/product/5/4/5460.jpg,,,,,,,,,0
639,simple,,Bộ 36 Miếng Lót Thấm Sữa Kuku KU5421,1,0,visible,,,,,taxable,,1,,0,0,,,,,1,,,99000,Đồ dùng cho bé,,,https://vcdn.tikicdn.com/cache/550x550/media/catalog/product/k/u/ku5421_34.jpg,,,,,,,,,0
640,simple,,Đai Đỡ Bụng Bà Bầu Kuku S7504,1,0,visible,,,,,taxable,,1,,0,0,,,,,1,,,302000,Đồ dùng cho bé,,,https://vcdn.tikicdn.com/cache/w1200/media/catalog/product/s/7/s7504.jpg,,,,,,,,,0
641,simple,,Đũa Tập Ăn Cho Bé KuKu KU3012,1,0,visible,,,,,taxable,,1,,0,0,,,,,1,,,35000,Đồ dùng cho bé,,,https://vcdn.tikicdn.com/cache/w1200/media/catalog/product/3/0/3012-1_1.jpg,,,,,,,,,0
